date,boi_policy_rate_pct,cpi_total_index,dem_col1,dem_col2,eur_ils,gbp_ils,gdp_growth_annual_terms_pct,house_price_index,mortgage_volume_total,real_wage_avg_monthly,unemployment_25_64_pct,usd_ils
1952-09-01,,68.999813179,,,,,,,,,,
1952-10-01,,67.961326222,,,,,,,,,,
1952-11-01,,66.666867711,,,,,,,,,,
1952-12-01,,66.35485532,,,,,,,,,,
1953-01-01,,60.177209373,,,,,,,,,,
1953-02-01,,51.66674143,,,,,,,,,,
1953-03-01,,39.394055701,,,,,,,,,,
1953-04-01,,29.860940084,,,,,,,,,,
1953-05-01,,27.333465621,,,,,,,,,,
1953-06-01,,25.477640206,,,,,,,,,,
1953-07-01,,23.456746688,,,,,,,,,,
1953-08-01,,21.818195775,,,,,,,,,,
1953-09-01,,21.301806191,,,,,,,,,,
1953-10-01,,19.653227858,,,,,,,,,,
1953-11-01,,18.857218335,,,,,,,,,,
1953-12-01,,19.101189555,,,,,,,,,,
1954-01-01,,18.231931115,,,,,,,,,,
1954-02-01,,18.681364566,,,,,,,,,,
1954-03-01,,17.934853689,,,,,,,,,,
1954-04-01,,16.042914763,,,,,,,,,,
1954-05-01,,14.136130862,,,,,,,,,,
1954-06-01,,8.6294718131,,,,,,,,,,
1954-07-01,,8.5000205819,,,,,,,,,,
1954-08-01,,10.447714169,,,,,,,,,,
1954-09-01,,10.731806021,,,,,,,,,,
1954-10-01,,9.6618017558,,,,,,,,,,
1954-11-01,,9.6153524121,,,,,,,,,,
1954-12-01,,7.547209265,,,,,,,,,,
1955-01-01,,6.5421293657,,,,,,,,,,
1955-02-01,,5.5555066905,,,,,,,,,,
1955-03-01,,5.5299061738,,,,,,,,,,
1955-04-01,,5.9907195283,,,,,,,,,,
1955-05-01,,5.504540516,,,,,,,,,,
1955-06-01,,8.4112246332,,,,,,,,,,
1955-07-01,,7.3731595921,,,,,,,,,,
1955-08-01,,4.0540579091,,,,,,,,,,
1955-09-01,,5.286298754,,,,,,,,,,
1955-10-01,,4.8457854821,,,,,,,,,,
1955-11-01,,3.5087889853,,,,,,,,,,
1955-12-01,,4.8245327749,,,,,,,,,,
1956-01-01,,4.3859515117,,,,,,,,,,
1956-02-01,,4.8245327749,,,,,,,,,,
1956-03-01,,6.5502684572,,,,,,,,,,
1956-04-01,,6.9565576535,,,,,,,,,,
1956-05-01,,8.2608605866,,,,,,,,,,
1956-06-01,,7.3276091504,,,,,,,,,,
1956-07-01,,4.7211414453,,,,,,,,,,
1956-08-01,,6.9264437172,,,,,,,,,,
1956-09-01,,8.7865731835,,,,,,,,,,
1956-10-01,,8.8234902811,,,,,,,,,,
1956-11-01,,5.0847025548,,,,,,,,,,
1956-12-01,,4.6024844062,,,,,,,,,,
1957-01-01,,6.7227226162,,,,,,,,,,
1957-02-01,,8.3681775545,,,,,,,,,,
1957-03-01,,6.9670987658,,,,,,,,,,
1957-04-01,,7.7235662477,,,,,,,,,,
1957-05-01,,8.4336997008,,,,,,,,,,
1957-06-01,,3.6144608957,,,,,,,,,,
1957-07-01,,8.196693655,,,,,,,,,,
1957-08-01,,8.9068306897,,,,,,,,,,
1957-09-01,,3.0769399396,,,,,,,,,,
1957-10-01,,3.4749067791,,,,,,,,,,
1957-11-01,,7.6612815704,,,,,,,,,,
1957-12-01,,5.2000754884,,,,,,,,,,
1958-01-01,,5.1180562481,,,,,,,,,,
1958-02-01,,3.8609939482,,,,,,,,,,
1958-03-01,,2.682022551,,,,,,,,,,
1958-04-01,,2.6415373899,,,,,,,,,,
1958-05-01,,2.2222639204,,,,,,,,,,
1958-06-01,,3.4883749472,,,,,,,,,,
1958-07-01,,3.7878669754,,,,,,,,,,
1958-08-01,,1.8587903208,,,,,,,,,,
1958-09-01,,4.4776948225,,,,,,,,,,
1958-10-01,,4.4776948225,,,,,,,,,,
1958-11-01,,2.2472323192,,,,,,,,,,
1958-12-01,,4.1824838697,,,,,,,,,,
1959-01-01,,3.1085784765,,,,,,,,,,
1959-02-01,,3.1608028429,,,,,,,,,,
1959-03-01,,3.6483914303,,,,,,,,,,
1959-04-01,,1.6180329358,,,,,,,,,,
1959-05-01,,4.0355055654,,,,,,,,,,
1959-06-01,,2.3868171226,,,,,,,,,,
1959-07-01,,-1.535035513,,,,,,,,,,
1959-08-01,,-1.635576121,,,,,,,,,,
1959-09-01,,-1.580284777,,,,,,,,,,
1959-10-01,,0.1895346564,,,,,,,,,,
1959-11-01,,2.9601096774,,,,,,,,,,
1959-12-01,,2.0819995332,,,,,,,,,,
1960-01-01,,1.200100756,,,,,,,,,,
1960-02-01,,0.5951735714,,,,,,,,,,
1960-03-01,,1.4866879755,,,,,,,,,,
1960-04-01,,0.7968793855,,,,,,,,,,
1960-05-01,,-1.054682718,,,,,,,,,,
1960-06-01,,1.5106429556,,,,,,,,,,
1960-07-01,,3.3673341244,,,,,,,,,,
1960-08-01,,3.6772955782,,,,,,,,,,
1960-09-01,,3.9959921729,,,,,,,,,,
1960-10-01,,4.2197783839,,,,,,,,,,
1960-11-01,,3.6239206476,,,,,,,,,,
1960-12-01,,3.4448874608,,,,,,,,,,
1961-01-01,,6.2252409503,,,,,,,,,,
1961-02-01,,5.1282531608,,,,,,,,,,
1961-03-01,,4.2968339572,,,,,,,,,,
1961-04-01,,5.4347295528,,,,,,,,,,
1961-05-01,,10.755824101,,,,,,,,,,
1961-06-01,,9.5237878624,,,,,,,,,,
1961-07-01,,6.6140139691,,,,,,,,,,
1961-08-01,,5.5172211754,,,,,,,,,,
1961-09-01,,6.3400474786,,,,,,,,,,
1961-10-01,,5.6497051084,,,,,,,,,,
1961-11-01,,6.8998364909,,,,,,,,,,
1961-12-01,,9.0390378971,,,,,,,,,,
1962-01-01,,6.9767456219,,,,,,,,,,
1962-02-01,,8.4427732114,,,,,,,,,,
1962-03-01,,10.6741587,,,,,,,,,,
1962-04-01,,12.746015101,,,,,,,,,,
1962-05-01,,4.1994740242,,,,,,,,,,
1962-06-01,,6.4311617755,,,,,,,,,,
1962-07-01,,9.7222242139,,,,,,,,,,
1962-08-01,,11.951447525,,,,,,,,,,
1962-09-01,,10.840110892,,,,,,,,,,
1962-10-01,,10.516934459,,,,,,,,,,
1962-11-01,,10.433244899,,,,,,,,,,
1962-12-01,,10.20942306,,,,,,,,,,
1963-01-01,,9.8260869231,,,,,,,,,,
1963-02-01,,9.256059403,,,,,,,,,,
1963-03-01,,6.8527942891,,,,,,,,,,
1963-04-01,,3.8237755917,,,,,,,,,,
1963-05-01,,8.3123434934,,,,,,,,,,
1963-06-01,,8.8510598476,,,,,,,,,,
1963-07-01,,8.0168744664,,,,,,,,,,
1963-08-01,,5.0041664982,,,,,,,,,,
1963-09-01,,4.6454750313,,,,,,,,,,
1963-10-01,,4.3548387888,,,,,,,,,,
1963-11-01,,5.6044802009,,,,,,,,,,
1963-12-01,,4.988122725,,,,,,,,,,
1964-01-01,,5.7798885148,,,,,,,,,,
1964-02-01,,5.7798885148,,,,,,,,,,
1964-03-01,,5.6215336051,,,,,,,,,,
1964-04-01,,5.8446750563,,,,,,,,,,
1964-05-01,,5.9689909551,,,,,,,,,,
1964-06-01,,3.9093050229,,,,,,,,,,
1964-07-01,,5.2343778593,,,,,,,,,,
1964-08-01,,5.9571101774,,,,,,,,,,
1964-09-01,,4.6728982429,,,,,,,,,,
1964-10-01,,5.0231850422,,,,,,,,,,
1964-11-01,,3.9423831283,,,,,,,,,,
1964-12-01,,4.4494721531,,,,,,,,,,
1965-01-01,,4.5538184681,,,,,,,,,,
1965-02-01,,5.0579334593,,,,,,,,,,
1965-03-01,,7.3359073519,,,,,,,,,,
1965-04-01,,9.2272318911,,,,,,,,,,
1965-05-01,,7.799416073,,,,,,,,,,
1965-06-01,,10.374945548,,,,,,,,,,
1965-07-01,,8.0999984971,,,,,,,,,,
1965-08-01,,7.9417547928,,,,,,,,,,
1965-09-01,,8.5417424063,,,,,,,,,,
1965-10-01,,8.4339952682,,,,,,,,,,
1965-11-01,,8.0743963434,,,,,,,,,,
1965-12-01,,7.0792065882,,,,,,,,,,
1966-01-01,,7.5216936028,,,,,,,,,,
1966-02-01,,8.1573885462,,,,,,,,,,
1966-03-01,,7.8080891913,,,,,,,,,,
1966-04-01,,8.8619396446,,,,,,,,,,
1966-05-01,,7.1297994316,,,,,,,,,,
1966-06-01,,7.2543603837,,,,,,,,,,
1966-07-01,,8.3256255253,,,,,,,,,,
1966-08-01,,8.325537081,,,,,,,,,,
1966-09-01,,8.4949227152,,,,,,,,,,
1966-10-01,,8.3180980857,,,,,,,,,,
1966-11-01,,7.181816872,,,,,,,,,,
1966-12-01,,7.811077892,,,,,,,,,,
1967-01-01,,6.3677150324,,,,,,,,,,
1967-02-01,,4.2590975028,,,,,,,,,,
1967-03-01,,2.9668429938,,,,,,,,,,
1967-04-01,,2.6563836732,,,,,,,,,,
1967-05-01,,2.4744024523,,,,,,,,,,
1967-06-01,,1.7123297905,,,,,,,,,,
1967-07-01,,0.6831736607,,,,,,,,,,
1967-08-01,,0.8635583789,,,,,,,,,,
1967-09-01,,-0.680851456,,,,,,,,,,
1967-10-01,,-0.759492399,,,,,,,,,,
1967-11-01,,0.1696353875,,,,,,,,,,
1967-12-01,,0.1684920987,,,,,,,,,,
1968-01-01,,1.1804391434,,,,,,,,,,
1968-02-01,,2.0425508746,,,,,,,,,,
1968-03-01,,2.3728827597,,,,,,,,,,
1968-04-01,,1.7529208435,,,,,,,,,,
1968-05-01,,1.3322239445,,,,,,,,,,
1968-06-01,,1.3468021382,,,,,,,,,,
1968-07-01,,2.4597148605,,,,,,,,,,
1968-08-01,,2.4828764384,,,,,,,,,,
1968-09-01,,2.9991430839,,,,,,,,,,
1968-10-01,,2.8911581787,,,,,,,,,,
1968-11-01,,2.2015254717,,,,,,,,,,
1968-12-01,,1.9344015501,,,,,,,,,,
1969-01-01,,1.4999974507,,,,,,,,,,
1969-02-01,,1.3344461709,,,,,,,,,,
1969-03-01,,1.9867527157,,,,,,,,,,
1969-04-01,,1.7227228752,,,,,,,,,,
1969-05-01,,1.3147090754,,,,,,,,,,
1969-06-01,,3.4053158837,,,,,,,,,,
1969-07-01,,3.1456937828,,,,,,,,,,
1969-08-01,,2.0885542587,,,,,,,,,,
1969-09-01,,2.3294488518,,,,,,,,,,
1969-10-01,,2.8925619554,,,,,,,,,,
1969-11-01,,3.8939525642,,,,,,,,,,
1969-12-01,,3.8778849403,,,,,,,,,,
1970-01-01,,3.0486123157,1.7145216e+18,9959.3,,,,,,,,
1970-02-01,,3.7101592002,,,,,,,,,,
1970-03-01,,3.2828143283,,,,,,,,,,
1970-04-01,,3.414269177,,,,,,,,,,
1970-05-01,,5.3051487405,,,,,,,,,,
1970-06-01,,4.0915116017,,,,,,,,,,
1970-07-01,,3.6109939471,,,,,,,,,,
1970-08-01,,6.151876755,,,,,,,,,,
1970-09-01,,9.6839379963,,,,,,,,,,
1970-10-01,,10.547567636,,,,,,,,,,
1970-11-01,,9.7541653827,,,,,,,,,,
1970-12-01,,10.104044749,,,,,,,,,,
1971-01-01,,12.413791795,,,,,,,,,,
1971-02-01,,11.874383743,,,,,,,,,,
1971-03-01,,12.24489651,,,,,,,,,,
1971-04-01,,12.246864122,,,,,,,,,,
1971-05-01,,11.428572332,,,,,,,,,,
1971-06-01,,11.83206044,,,,,,,,,,
1971-07-01,,11.685824053,,,,,,,,,,
1971-08-01,,11.725452589,,,,,,,,,,
1971-09-01,,10.907422451,,,,,,,,,,
1971-10-01,,11.051212833,,,,,,,,,,
1971-11-01,,12.848160168,,,,,,,,,,
1971-12-01,,13.380909524,,,,,,,,,,
1972-01-01,,12.971078402,,,,,,,,,,
1972-02-01,,12.456142702,,,,,,,,,,
1972-03-01,,13.246754725,,,,,,,,,,
1972-04-01,,13.659793337,,,,,,,,,,
1972-05-01,,14.273503914,,,,,,,,,,
1972-06-01,,12.457338754,,,,,,,,,,
1972-07-01,,13.807892033,,,,,,,,,,
1972-08-01,,13.73720021,,,,,,,,,,
1972-09-01,,11.735539399,,,,,,,,,,
1972-10-01,,11.974110345,,,,,,,,,,
1972-11-01,,12.1019097,,,,,,,,,,
1972-12-01,,12.352478596,,,,,,,,,,
1973-01-01,,12.912513973,,,,,,,,,,
1973-02-01,,14.621414859,,,,,,,,,,
1973-03-01,,15.096138492,,,,,,,,,,
1973-04-01,,18.176502679,,,,,,,,,,
1973-05-01,,18.58502657,,,,,,,,,,
1973-06-01,,20.674001513,,,,,,,,,,
1973-07-01,,21.89084702,,,,,,,,,,
1973-08-01,,22.0926195,,,,,,,,,,
1973-09-01,,22.374466222,,,,,,,,,,
1973-10-01,,21.71328955,,,,,,,,,,
1973-11-01,,24.89591018,,,,,,,,,,
1973-12-01,,26.438986463,,,,,,,,,,
1974-01-01,,28.45360995,,,,,,,,,,
1974-02-01,,37.508508831,,,,,,,,,,
1974-03-01,,37.807308706,,,,,,,,,,
1974-04-01,,36.276392912,,,,,,,,,,
1974-05-01,,37.981072975,,,,,,,,,,
1974-06-01,,37.98742016,,,,,,,,,,
1974-07-01,,37.538651223,,,,,,,,,,
1974-08-01,,37.369390135,,,,,,,,,,
1974-09-01,,37.787182281,,,,,,,,,,
1974-10-01,,38.7173389,,,,,,,,,,
1974-11-01,,48.350398751,,,,,,,,,,
1974-12-01,,56.17728344,,,,,,,,,,
1975-01-01,,53.772069785,,,,,,,,4953.5205078125,,
1975-02-01,,44.405942033,,,,,,,,4776.94189453125,,
1975-03-01,,44.069431199,,,,,,,,4872.544921875,,
1975-04-01,,42.676057065,,,,,,,,4865.3974609375,,
1975-05-01,,40.923640249,,,,,,,,4669.6640625,,
1975-06-01,,39.972652933,,,,,,,,4705.0224609375,,
1975-07-01,,38.714029508,,,,,,,,5047.1953125,,
1975-08-01,,38.076062882,,,,,,,,5370.67431640625,,
1975-09-01,,38.218516486,,,,,,,,5554.380859375,,
1975-10-01,,43.364726979,,,,,,,,5045.3505859375,,
1975-11-01,,32.476992607,,,,,,,,5363.15966796875,,
1975-12-01,,23.518979216,,,,,,,,5359.630859375,,
1976-01-01,,22.790535641,,,,,,,,5133.8779296875,,
1976-02-01,,21.837503802,,,,,,,,5184.89111328125,,
1976-03-01,,23.226237466,,,,,,,,5072.27587890625,,
1976-04-01,,28.101348179,,,,,,,,4970.67529296875,,
1976-05-01,,29.007138794,,,,,,,,4964.15673828125,,
1976-06-01,,29.729730197,,,,,,,,4883.9345703125,,
1976-07-01,,35.721231243,,,,,,,,4824.8935546875,,
1976-08-01,,37.329877038,,,,,,,,4967.3671875,,
1976-09-01,,37.619048005,,,,,,,,5071.33544921875,,
1976-10-01,,33.771274731,,,,,,,,5106.36376953125,,
1976-11-01,,35.455861662,,,,,,,,5231.39697265625,,
1976-12-01,,38.024123794,,,,,,,,5353.0263671875,,
1977-01-01,,35.862624213,,,,,,,,5253.5947265625,,
1977-02-01,,36.179628538,,,,,,,,5310.7109375,,
1977-03-01,,34.014123355,,,,,,,,5766.3251953125,,
1977-04-01,,29.813717353,,,,,,,,5732.35302734375,,
1977-05-01,,30.103017936,,,,,,,,5770.5830078125,,
1977-06-01,,32.93815191,,,,,,,,6202.89208984375,,
1977-07-01,,28.358824985,,,,,,,,5770.47265625,,
1977-08-01,,31.762529498,,,,,,,,5631.93310546875,,
1977-09-01,,33.746713135,,,,,,,,5633.66845703125,,
1977-10-01,,34.098928379,,,,,,,,5532.2734375,,
1977-11-01,,43.56854664,,,,,,,,5296.50927734375,,
1977-12-01,,42.542488223,,,,,,,,5319.3642578125,,
1978-01-01,,46.14065196,,,,,,,,5381.5537109375,,
1978-02-01,,47.068819234,,,,,,,,5396.978515625,,
1978-03-01,,49.583332977,,,,,,,,5361.41845703125,,
1978-04-01,,54.109031594,,,,,,,,5481.06884765625,,
1978-05-01,,53.33863258,,,,,,,,5700.20654296875,,
1978-06-01,,52.717391441,,,,,,,,5990.79150390625,,
1978-07-01,,54.093343737,,,,,,,,5736.1767578125,,
1978-08-01,,51.84094265,,,,,,,,5631.55078125,,
1978-09-01,,50.638297902,,,,,,,,5651.08447265625,,
1978-10-01,,53.730322159,,,,,,,,5783.74853515625,,
1978-11-01,,46.022032121,,,,,,,,5838.72705078125,,
1978-12-01,,48.139256097,,,,,,,,6482.7060546875,,
1979-01-01,,51.995305259,,,,,,,,6049.05224609375,,
1979-02-01,,53.264008929,,,,,,,,6301.34912109375,,
1979-03-01,,56.100279078,,,,,,,,6497.294921875,,
1979-04-01,,60.770855198,,,,,,,,6318.68017578125,,
1979-05-01,,65.370658034,,,,,,,,6143.51025390625,,
1979-06-01,,67.92069188,,,,,,,,6114.38330078125,,
1979-07-01,,73.038729204,,,,,,,,6622.95458984375,,
1979-08-01,,83.171677975,,,,,,,,6264.45263671875,,
1979-09-01,,92.043314138,,,,,,,,6189.458984375,,
1979-10-01,,95.814781639,,,,,,,,6289.2587890625,,
1979-11-01,,102.26320212,,,,,,,,6259.54150390625,,
1979-12-01,,111.38573698,,,,,,,,5794.19091796875,,
1980-01-01,,116.177606,,,,,,,,5896.43505859375,,
1980-02-01,,121.44741845,,,,,,,,5695.8349609375,,
1980-03-01,,120.378301,,,,,,,,5833.76611328125,,
1980-04-01,,123.48111664,,,,,,,,5837.3203125,,
1980-05-01,,133.51097188,,,,,,,,5577.7880859375,,
1980-06-01,,135.93702666,,,,,,,,5564.48291015625,,
1980-07-01,,133.40028664,,,,,,,,6503.57421875,,
1980-08-01,,133.12152487,,,,,,,,6631.6845703125,,
1980-09-01,,131.55185106,,,,,,,,6315.1357421875,,
1980-10-01,,138.38108249,,,,,,,,6259.0693359375,,
1980-11-01,,137.60878567,,,,,,,,6103.1328125,,
1980-12-01,,132.94997144,,,,,,,,6145.173828125,,
1981-01-01,,132.90975772,,,,,,,,6313.0869140625,,
1981-02-01,,134.18898138,,,,,,,,6337.501953125,,
1981-03-01,,133.49226447,,,,,,,,6297.00048828125,,
1981-04-01,,134.44969884,,,,,,,,6479.583984375,,
1981-05-01,,121.35342565,,,,,,,,6760.6962890625,,
1981-06-01,,117.36744094,,,,,,,,6772.0390625,,
1981-07-01,,120.87940343,,,,,,,,6832.71044921875,,
1981-08-01,,112.01156931,,,,,,,,6999.51513671875,,
1981-09-01,,113.73293801,,,,,,,,6842.01025390625,,
1981-10-01,,109.91115348,,,,,,,,6729.65625,,
1981-11-01,,103.05599833,,,,,,,,6797.54443359375,,
1981-12-01,,101.48637649,,,,,,,,6667.63623046875,,
1982-01-01,,103.39308586,,,,,,,,6737.09619140625,,
1982-02-01,,103.762136,,,,,,,,6666.00341796875,,
1982-03-01,,104.28488707,,,,,,,,6672.697265625,,
1982-04-01,,104.29094712,,,,,,,,6669.6708984375,,
1982-05-01,,109.97468349,,,,,,,,6404.49560546875,,
1982-06-01,,116.70773781,,,,,,,,6344.00390625,,
1982-07-01,,123.14126391,,,,,,,,6464.77783203125,,
1982-08-01,,131.6636851,,,,,,,,6433.42041015625,,
1982-09-01,,130.47973534,,,,,,,,6501.3310546875,,
1982-10-01,,129.17298934,,,,,,,,7011.42578125,,
1982-11-01,,130.6561492,,,,,,,,6780.06640625,,
1982-12-01,,131.50357991,,,,,,,,6788.96435546875,,
1983-01-01,,131.85395025,,,,,,,,7836.349609375,,
1983-02-01,,132.66825488,,,,,,,,7431.6005859375,,
1983-03-01,,133.95691612,,,,,,,,7193.529296875,,
1983-04-01,,139.47233607,,,,,,,,6938.94140625,,
1983-05-01,,137.88280687,,,,,,,,6915.40576171875,,
1983-06-01,,132.43120311,,,,,,,,6851.10546875,,
1983-07-01,,126.1349438,,,,,,,,7402.419921875,,
1983-08-01,,124.65250967,,,,,,,,7290.1435546875,,
1983-09-01,,127.57940067,,,,,,,,6897.7177734375,,
1983-10-01,,154.17977158,,,,,,,,6785.2060546875,,
1983-11-01,,174.91061713,,,,,,,,6187.21240234375,,
1983-12-01,,190.69219442,,,,,,,,6480.017578125,,
1984-01-01,,207.94189519,,,,,,,,6496.474609375,,
1984-02-01,,225.07359528,,,,,,,,6685.1884765625,,
1984-03-01,,240.52580568,,,,,,,,6284.7724609375,,
1984-04-01,,262.57353726,,,,,,,,6965.37060546875,,
1984-05-01,,292.73188038,,,,,,,,7130.30224609375,,
1984-06-01,,329.71624266,,,,,,,,7145.57421875,,
1984-07-01,,354.37885625,,,,,,,,7279.0341796875,,
1984-08-01,,393.84721147,,,,,,,,7356.63720703125,,
1984-09-01,,449.94875029,,,,,,,,7363.955078125,,
1984-10-01,,464.80625202,,,,,,,,7135.7158203125,,
1984-11-01,,486.22561493,,,,,,,,6832.91943359375,,
1984-12-01,,444.8779005,,,,,,,,7296.7421875,,
1985-01-01,,399.05215361,,,,,,,,7409.05322265625,,
1985-02-01,,405.94535004,,,,,,,,6937.9013671875,,
1985-03-01,,412.32788986,,,,,,,,7047.07763671875,,
1985-04-01,,407.12452431,,,,,,,,6679.67041015625,,
1985-05-01,,373.89205791,,,,,,,,7092.87255859375,,
1985-06-01,,380.45176127,,,,,,,,6494.8935546875,,
1985-07-01,,445.18554548,,,,,,,,5675.23828125,,
1985-08-01,,386.34916216,,,,,,,,5944.33056640625,,
1985-09-01,,312.90322581,,,,,,,,5569.22509765625,,
1985-10-01,,247.53130549,,,,,,,,5685.52978515625,,
1985-11-01,,192.0693713,,,,,,,,5892.5087890625,,
1985-12-01,,185.17499163,,,,,,,,6016.0009765625,,
1986-01-01,,167.29696702,,,,,,,,6419.224609375,,
1986-02-01,,139.32251621,,,,,,,,6608.81396484375,,
1986-03-01,,116.84287036,,,,,,,,6734.1669921875,,
1986-04-01,,87.668528213,,,,,,,,6724.103515625,,
1986-05-01,,78.52746914,,,,,,,,6647.583984375,,
1986-06-01,,57.903143764,,,,,,,,6991.27294921875,,
1986-07-01,,23.857112766,,,,,,,,6940.85546875,,
1986-08-01,,20.49198569,,,,,,,,6754.126953125,,
1986-09-01,,19.201087962,,,,,,,,6859.5576171875,,
1986-10-01,,16.58856448,,,,,,,,7103.3037109375,,
1986-11-01,,19.392811536,,,,,,,,7284.59326171875,,
1986-12-01,,19.635028799,,,,,,,,7272.306640625,,
1987-01-01,,23.866171004,,,,,,,,6926.9345703125,,
1987-02-01,,23.043160206,,,,,,,,7182.1123046875,,
1987-03-01,,22.766570607,,,,,,,,6760.10595703125,,
1987-04-01,,21.478382145,,,,,,,,7453.23486328125,,
1987-05-01,,20.315717226,,,,,,,,7552.72265625,,
1987-06-01,,19.513841997,,,,,,,,7487.17822265625,,
1987-07-01,,19.783929776,,,,,,,,7400.2314453125,,
1987-08-01,,19.973279892,,,,,,,,7352.05322265625,,
1987-09-01,,18.80733945,,,,,,,,7569.751953125,,
1987-10-01,,17.861715748,,,,,,,,7739.8974609375,,
1987-11-01,,16.365899193,,,,,,,,7720.70751953125,,
1987-12-01,,16.12507664,,,,,,,,7773.97412109375,,
1988-01-01,,15.519307724,,,,,,,,7830.27197265625,,
1988-02-01,,15.370417161,,,,,,,,7791.29052734375,,
1988-03-01,,15.756333136,,,,,,,,7533.36962890625,,
1988-04-01,,16.288772484,,,,,,,,7697.619140625,,
1988-05-01,,16.976968055,,,,,,,,7782.36572265625,,
1988-06-01,,16.154378531,,,,,,,,7882.81787109375,,
1988-07-01,,15.992554491,,,,,,,,7785.56396484375,,
1988-08-01,,15.461395696,,,,,,,,7948.8857421875,,
1988-09-01,,16.337286266,,,,,,,,7714.3291015625,,
1988-10-01,,17.268151368,,,,,,,,7773.85595703125,,
1988-11-01,,17.348395721,,,,,,,,8235.5009765625,,
1988-12-01,,16.423838439,,,,,,,,8180.8046875,,
1989-01-01,,19.926199261,,,,,,,,7708.70703125,,
1989-02-01,,20.951509608,,,,,,,,7670.70751953125,,
1989-03-01,,19.531953197,,,,,,,,7398.669921875,,
1989-04-01,,19.368974585,,,,,,,,7566.77880859375,,
1989-05-01,,18.961038961,,,,,,,,7763.7275390625,,
1989-06-01,,20.120898101,,,,,,,,7862.70703125,,
1989-07-01,,20.707506471,,,,,,,,7753.9677734375,,
1989-08-01,,21.232876712,,,,,,,,7823.56396484375,,
1989-09-01,,21.043771045,,,,,,,,8043.76904296875,,
1989-10-01,,20.394736842,,,,,,,,7834.1904296875,,
1989-11-01,,19.98381877,,,,,,,,7638.9423828125,,
1989-12-01,,20.692431562,,,,,,,,7523.50146484375,,
1990-01-01,,16.538461539,,,,,,,,7706.42529296875,,
1990-02-01,,15.204236006,,,,,,,,7703.37353515625,,
1990-03-01,,16.114457829,,,,,,,,7661.4892578125,,
1990-04-01,,16.079295153,,,,,,,,7779.826171875,,
1990-05-01,,16.885007278,,,,,,,,7649.57177734375,,
1990-06-01,,16.319194824,,,,,,,,7582.173828125,,
1990-07-01,,17.512508935,,,,,,,,7702.55908203125,,
1990-08-01,,17.937853108,,,,,,,,7416.43603515625,,
1990-09-01,,18.567454797,,,,,,,,7607.75439453125,,
1990-10-01,,18.442622951,,,,,,,,7534.26025390625,,
1990-11-01,,18.408631153,,,,,,,,7680.02587890625,,
1990-12-01,,17.61174116,,,,,,,,7670.501953125,,
1991-01-01,,17.887788778,,,,,,,,7474.10791015625,,
1991-02-01,,17.990807617,,,,,,,,7349.44287109375,,
1991-03-01,,17.963683529,,,,,,,,7639.2978515625,,
1991-04-01,,17.583807717,,,,,,,,7692.056640625,,
1991-05-01,,17.932752178,,,,,,,,7597.51611328125,,
1991-06-01,,19.34487021,,,,,,,,7520.48779296875,,
1991-07-01,,20.985401459,,,,,,,,7448.37890625,,
1991-08-01,,21.556886226,,,,,,,,7598.58740234375,,
1991-09-01,,20.938416423,,,,,,,,7411.515625,,
1991-10-01,,19.434832756,,,,,,,,7417.93017578125,,
1991-11-01,,18.109339408,,,,,,,,7407.8447265625,,
1991-12-01,,18.037436187,,,,,,,,7490.0234375,,
1992-01-01,,16.517357223,,,,,,,,7549.14111328125,,
1992-02-01,,16.972732332,,,,,,,,7469.2138671875,,
1992-03-01,,17.262231995,,,,,,,,7432.71875,,
1992-04-01,,16.783216783,,,,,,,,7513.65478515625,,
1992-05-01,,14.202745512,,,,,,,,7532.11962890625,,
1992-06-01,,12.169860176,,,,,,,,7526.7177734375,,
1992-07-01,,9.6530920059,,,,,,,,7665.2509765625,,
1992-08-01,,8.2758620693,,,,,,,,7623.74267578125,,
1992-09-01,,8.0019398637,,,,,,,,7746.2861328125,,
1992-10-01,,8.063737325,,,,,,,,7695.34521484375,,
1992-11-01,,8.5824493739,,,,,,,,7679.5869140625,,
1992-12-01,,9.3704949551,,,,,,,,7783.9921875,,
1993-01-01,,10.764055743,,,,,,,,7598.1416015625,,
1993-02-01,,10.989533777,,,,,,,,7575.2353515625,,
1993-03-01,,10.782934834,,,,,,,,7569.9892578125,,
1993-04-01,,10.36388761,,,,,,,,7464.64990234375,,
1993-05-01,,11.095700416,,,,,,,,7569.95654296875,,
1993-06-01,,11.218836565,,,,,,,,7467.4111328125,,
1993-07-01,,10.591471802,,,,,,,,7531.80712890625,,
1993-08-01,,10.782529572,,,,,,,,7595.0595703125,,
1993-09-01,,10.417602157,,,,,,,,7638.18408203125,,
1993-10-01,,11.438784628,,,,,,,,7606.345703125,,
1993-11-01,,11.589698045,,,,,,,,7676.7529296875,,
1993-12-01,,11.247803163,,,,,,,,7696.15966796875,,
1994-01-01,10.5,10.599262473,,,,,,64.1417599633862,,7638.64599609375,,
1994-02-01,10.5,9.8945135014,,,,,,,,7666.06298828125,,
1994-03-01,10.5,9.6263224709,,,,,,,,7596.048828125,,
1994-04-01,10.5,10.238355592,,,,,,65.6131388399221,,7717.9296875,,
1994-05-01,11.5,11.226966292,,,,,,,,7656.857421875,,
1994-06-01,12.0,12.457409713,,,,,,,,7812.0166015625,,
1994-07-01,12.5,13.522014925,,,,,,66.3453846765766,,7640.69287109375,,
1994-08-01,12.5,13.642833676,,,,,,,,7934.27587890625,,
1994-09-01,15.5,13.813582756,,,,,,,,7691.14990234375,,
1994-10-01,15.5,13.769526866,,,,,,66.2663757689911,,7993.9501953125,,
1994-11-01,15.5,14.354436929,,,,,,,,7740.8583984375,,
1994-12-01,17.0,14.452488152,,,,,,,,7732.63232421875,,
1995-01-01,17.0,13.865147198,,,,,,66.7772644280461,,7611.5302734375,,
1995-02-01,16.3,13.408876298,,,,,,,,7709.78271484375,,
1995-03-01,14.8,12.14953271,,,,,,,,7745.46337890625,,
1995-04-01,14.0,10.99908341,,,,,8.5456950656,66.9344707965736,,7645.517578125,,
1995-05-01,14.0,10.778985507,,,,,,,,7832.91015625,,
1995-06-01,13.5,9.6514745308,,,,,,,,7862.8984375,,
1995-07-01,13.2,8.7533156499,,,,,4.8256717325,69.511313743588,,7907.4541015625,,
1995-08-01,13.2,8.9238845144,,,,,,,,7864.890625,,
1995-09-01,13.7,8.7370242215,,,,,,,,7809.13134765625,,
1995-10-01,14.2,8.361774744,,,,,2.5887433496,71.1932466931653,,7776.625,,
1995-11-01,14.2,7.750631845,,,,,,,,7843.12744140625,,
1995-12-01,13.7,8.1035923141,,,,,,,,7781.150390625,,
1996-01-01,13.7,8.8407005838,,,,,4.7804161724,73.502927031791,,7824.78662109375,,
1996-02-01,14.0,9.6586178185,,,,,,,,7856.26171875,,
1996-03-01,14.0,10.833333333,,,,,,,,7831.18017578125,,
1996-04-01,14.8,11.643270025,,,,,7.6676581573,75.7433137567771,,7805.96240234375,,
1996-05-01,15.5,12.42845462,,,,,,,,7817.76611328125,,
1996-06-01,17.0,12.876935615,,,,,,,,7842.1318359375,,
1996-07-01,17.0,12.926829268,,,,,5.5542984969,73.2706512929334,,7760.037109375,,
1996-08-01,15.8,11.967871486,,,,,,,,8078.57177734375,,
1996-09-01,15.5,11.376292761,,,,,,,,7934.9833984375,,
1996-10-01,15.2,11.102362205,,,,,6.4299935936,73.6940672788634,,7995.43017578125,,
1996-11-01,15.2,11.024237686,,,,,,,,7939.07958984375,,
1996-12-01,14.7,10.587326121,,,,,,,,8034.12109375,,
1997-01-01,14.2,10.114942529,,,,,4.7724267674,74.4560119509773,,8048.14599609375,,
1997-02-01,13.9,10.402429765,,,,,,,,7980.3369140625,,
1997-03-01,13.9,10.37593985,,,,,,,,7901.4755859375,,
1997-04-01,13.9,9.3934911243,,,,,0.1934210189,75.8112274189922,,8055.8603515625,,
1997-05-01,13.9,8.0727272727,,,,,,,,8034.71435546875,,
1997-06-01,12.7,8.4476534296,,,,,,,,8074.0830078125,,
1997-07-01,12.7,9.215262779,,,,,0.3895055575,76.8003647472492,,8105.7333984375,,
1997-08-01,13.4,9.2539454806,,,,,,,,8041.91552734375,,
1997-09-01,13.4,8.7142857143,,,,,,,,8310.9384765625,,
1997-10-01,13.4,9.1424521616,,,,,7.4410065911,75.8375307742919,,8147.47119140625,,
1997-11-01,13.4,8.1690140845,,,,,,,,8211.32421875,,
1997-12-01,13.4,6.9881201957,,,,,,,,8219.5322265625,,
1998-01-01,12.9,6.8893528184,,,,,8.0528639849,75.2599667318308,,8213.1728515625,,
1998-02-01,12.6,5.5708390646,,,,,,,,8319.73828125,,
1998-03-01,12.2,4.3596730245,,,,,,,,8320.2451171875,,
1998-04-01,11.9,5.0033806626,,,,,-1.929985348,74.1099555599405,,8270.0556640625,,
1998-05-01,11.6,4.9125168237,,,,,,,,8286.951171875,,
1998-06-01,11.3,4.1944074567,,,,,,,,8350.1044921875,,
1998-07-01,11.0,3.0323005933,,,,,3.874463249,73.308232682195,,8347.6982421875,,
1998-08-01,9.5,3.151674327,,,,,,,,8357.7021484375,,
1998-09-01,9.5,4.6649145861,,,,,,,,8394.140625,,
1998-10-01,11.5,6.5584415584,,,,,1.6977225422,75.1426007392283,,8052.931640625,,
1998-11-01,13.5,8.203125,,,,,,,,8146.33203125,,
1998-12-01,13.5,8.6218158067,,,,,,,,8174.96875,,
1999-01-01,13.5,7.7673828125,,,,,0.5454183287,73.6164178126761,,8220.6484375,,
1999-02-01,13.0,7.0136156352,,,,,,,,8282.552734375,,
1999-03-01,13.0,7.0167754569,,,,,,,,8327.0302734375,,
1999-04-01,12.0,5.8750804894,,,,,13.624809055,73.6102446224964,,8345.4462890625,,
1999-05-01,12.0,5.9746632457,,,,,,,,8391.06640625,,
1999-06-01,12.0,5.8714376997,,,,,,,,8578.341796875,,
1999-07-01,11.5,6.3103646833,,,,,1.3044150662,74.4284928645226,,8446.244140625,,
1999-08-01,11.5,6.2721833227,,,,,,,,8471.626953125,,
1999-09-01,11.5,5.3007532957,,,,,,,,8368.0537109375,,
1999-10-01,11.5,2.8950639854,,,,,8.2698839488,72.5119851351247,,8370.86328125,,
1999-11-01,11.2,1.4046931408,,,,,,,,8940.388671875,,
1999-12-01,10.7,1.3437161756,,,,,,,,8909.4033203125,,
2000-01-01,10.3,1.3371537727,,,4.0032,100.4535152,4.8600749199,69.3743290041754,,8813.9521484375,,4.082
2000-02-01,9.9,1.6361886429,,,3.9205,98.5309933,,,,8825.7646484375,,4.032
2000-03-01,9.6,1.5429122469,,,3.8491,98.03477514,,,,8974.412109375,,4.026
2000-04-01,9.3,1.7307692308,,,3.6676,95.96795058,15.453355217,69.8057940957599,,8973.708984375,,4.035
2000-05-01,9.3,2.1052631579,,,3.8739,99.30486248,,,,9015.2998046875,,4.168
2000-06-01,9.3,2.0992366412,,,3.9151,98.76579774,,,,9004.7001953125,,4.084
2000-07-01,9.1,2.093244529,,,3.7809,97.08611261,13.283211264,68.6900235661352,,9027.9287109375,,4.085
2000-08-01,8.9,1.0416666667,,,3.5826,93.85291013,,,,9209.0234375,,4.004
2000-09-01,8.6,0.0,,,3.5534,93.54773337,,,,9236.2763671875,,4.024
2000-10-01,8.4,-0.093632959,,,3.4817,93.78014426,0.965893916,67.66319879784,,9312.650390625,,4.137
2000-11-01,8.2,0.0938086304,,,3.5517,93.46061703,,,,9269.234375,,4.093
2000-12-01,8.0,0.0,,,3.7628,95.08627492,,,,9256.3818359375,,4.041
2001-01-01,8.0,-0.118378888,,,3.8418,97.04296415,-3.800489158,66.9194784279523,,9354.6748046875,,4.137
2001-02-01,7.7,0.2537878788,,,3.7976,95.33551608,,,,9582.8798828125,,4.112
2001-03-01,7.2,0.7415004748,,,3.6902,94.33585599,,,,9285.5947265625,,4.192
2001-04-01,7.2,1.170510397,,,3.6746,93.47626131,-3.303781786,65.3828357724906,,9478.955078125,,4.139
2001-05-01,7.0,0.7160262418,,,3.5071,91.74464062,,,,9601.0146484375,,4.133
2001-06-01,6.5,0.7319626168,,,3.5282,91.97999492,,,,9447.30859375,,4.165
2001-07-01,6.3,0.846971109,,,3.6841,93.95735272,-4.249130634,65.5305716052006,,9348.7587890625,,4.209
2001-08-01,6.3,1.7132146204,,,3.9089,97.32679309,,,,9261.400390625,,4.262
2001-09-01,6.3,2.4889726673,,,3.989,98.87385219,,,,9180.1572265625,,4.355
2001-10-01,6.3,2.012371134,,,3.8683,96.40049187,-1.642566972,65.9729195258999,,9164.2470703125,,4.281
2001-11-01,5.8,1.4140581068,,,3.7502,94.58433166,,,,9204.5888671875,,4.233
2001-12-01,3.8,1.409380863,,,3.9075,98.25577896,,,,9230.1923828125,,4.416
2002-01-01,3.8,3.1124497992,,,3.975,101.4145983,3.3747891822,67.7956807049324,,9109.64453125,,4.602
2002-02-01,4.4,4.0201005025,,,3.9996,101.7650583,,,,8949.5654296875,,4.623
2002-03-01,4.4,4.3129388164,,,4.0782,103.3774978,,,,8749.6142578125,,4.668
2002-04-01,4.6,4.9701789264,,,4.4079,110.236142,0.1121297356,67.5376284863151,,8726.17578125,,4.893
2002-05-01,5.6,5.5445544554,,,4.6075,112.9779349,,,,8628.69140625,,4.916
2002-06-01,9.1,6.614017769,,,4.7339,112.3614358,,,,9004.939453125,,4.769
2002-07-01,9.1,6.8829891839,,,4.579,109.3958142,0.2899159076,65.041866014893,,8460.734375,,4.689
2002-08-01,9.1,6.1764705882,,,4.5878,109.2502609,,,,8461.5703125,,4.66
2002-09-01,9.1,6.3600782779,,,4.7996,113.6193398,,,,8472.923828125,,4.871
2002-10-01,9.1,6.9403714565,,,4.7002,111.2623467,-0.174862487,64.7269018917098,,8317.9775390625,,4.765
2002-11-01,9.1,6.68633235,,,4.607,108.8695582,,,,8375.19921875,,4.643
2002-12-01,8.9,6.4960629921,,,4.9696,114.1020377,,,,8388.80078125,,4.737
2003-01-01,8.9,5.5520934761,,,5.2075,117.6032955,5.7099300523,63.0965752680327,,8355.2158203125,,4.814
2003-02-01,8.9,5.1489855072,,,5.1727,117.1352607,,,,8408.4501953125,,4.81
2003-03-01,8.7,4.8488461538,,,5.1086,114.4997756,,,,8304.6015625,,4.687
2003-04-01,8.7,3.0579545455,,,4.955,111.260945,-2.066090591,61.4495865149223,,8313.62890625,,4.521
2003-05-01,8.0,1.5902439024,,,5.1765,111.697605,,,,8257.2392578125,,4.373
2003-06-01,7.5,-0.32,,,4.9275,108.6704197,,,,8068.93603515625,,4.312
2003-07-01,7.0,-1.649678013,,,5.0023,110.7616433,2.8767526012,62.4483385815771,,8472.1669921875,,4.429
2003-08-01,6.5,-1.089196676,,,4.8502,109.7243334,,,,8406.537109375,,4.443
2003-09-01,6.1,-1.944434223,,,5.1851,113.8592332,,,,8476.572265625,,4.441
2003-10-01,5.6,-2.571846435,,,5.228,115.0511531,2.7408664689,62.8356671849276,,8522.6787109375,,4.492
2003-11-01,5.2,-1.960552995,,,5.3231,115.3530414,,,,8449.5966796875,,4.448
2003-12-01,5.2,-1.886136784,,,5.5331,116.7375229,,,,8418.4111328125,,4.379
2004-01-01,4.5,-2.266009852,,,5.5479,118.6853495,5.9130537139,61.9449783836397,,9075.326171875,,4.483
2004-02-01,4.3,-2.453385672,,,5.5502,118.723409,,,,8722.138671875,,4.485
2004-03-01,4.3,-2.742409403,,,5.5353,119.9109083,,,,8652.8349609375,,4.528
2004-04-01,4.1,-1.472031403,,,5.4868,119.0495562,5.2288532318,62.6614354194246,,8375.87890625,,4.588
2004-05-01,4.1,-0.591715976,,,5.591,119.6729556,,,,8443.0400390625,,4.555
2004-06-01,4.1,0.0,,,5.4657,117.705614,,,,8142.02587890625,,4.497
2004-07-01,4.1,0.4995004995,,,5.4465,117.7531615,5.7772698421,61.6712470475265,,8434.9296875,,4.516
2004-08-01,4.1,0.4985044865,,,5.4821,118.1515462,,,,8448.4912109375,,4.526
2004-09-01,4.1,0.8016032064,,,5.5247,118.0800634,,,,8434.884765625,,4.482
2004-10-01,4.1,0.8016032064,,,5.6994,120.2408291,4.7995978239,60.6627487871333,,8525.0693359375,,4.468
2004-11-01,3.9,0.9036144578,,,5.7982,120.6959258,,,,8507.923828125,,4.363
2004-12-01,3.7,1.2072434608,,,5.8768,120.7675165,,,,8956.2568359375,,4.308
2005-01-01,3.5,0.8064516129,,,5.7132,120.2836326,5.0053974445,60.0432885039707,,8795.1025390625,,4.383
2005-02-01,3.5,0.8048289738,,,5.7767,120.8819106,,,,8605.705078125,,4.357
2005-03-01,3.5,0.7049345418,,,5.6488,119.1318208,,,,8650.318359375,,4.361
2005-04-01,3.5,0.2988047809,,,5.6603,119.6315538,4.0284267952,61.0327082447497,,8651.5048828125,,4.369
2005-05-01,3.5,0.1984126984,,,5.4421,117.8098733,,,,8716.2431640625,,4.416
2005-06-01,3.5,0.2976190476,,,5.527,120.8122606,,,,8604.3984375,,4.574
2005-07-01,3.5,1.5904572565,,,5.471,119.3988841,4.905556581,60.8999135971196,,8619.4453125,,4.526
2005-08-01,3.5,1.5873015873,,,5.5438,120.4861134,,,,8619.65234375,,4.545
2005-09-01,3.75,1.888667992,,,5.5275,121.1283808,,,,8814.3486328125,,4.598
2005-10-01,4.0,2.6838966203,,,5.5769,121.8905411,7.710094125,61.8168467977479,,8623.4130859375,,4.636
2005-11-01,4.0,2.6865671642,,,5.4895,121.2450391,,,,8592.771484375,,4.663
2005-12-01,4.5,2.3856858847,,,5.4465,120.2138748,,,,8627.0546875,,4.603
2006-01-01,4.75,2.7,,,5.6474,123.7447823,5.8755185131,61.1445746577565,,8685.625,,4.658
2006-02-01,4.75,3.0938123752,,,5.591,123.9069395,,,,8784.3134765625,,4.706
2006-03-01,5.0,3.6,,,5.6619,123.5352934,,,,8686.634765625,,4.665
2006-04-01,5.25,3.7735849057,,,5.6492,121.7781955,7.7309012415,59.9057576407883,,8663.671875,,4.503
2006-05-01,5.25,3.4653465347,,,5.8095,123.2218686,,,,8677.08203125,,4.518
2006-06-01,5.25,3.4619188922,,,5.6435,120.0263806,,,,8700.2490234375,,4.44
2006-07-01,5.5,2.446183953,,,5.6039,119.2996923,-2.30859418,59.4352231321093,,8747.41015625,,4.393
2006-08-01,5.5,2.24609375,,,5.6119,118.9973727,,,,8780.7685546875,,4.364
2006-09-01,5.5,1.2682926829,,,5.4552,116.2518061,,,,8843.357421875,,4.302
2006-10-01,5.25,-0.193610842,,,5.443,116.3144479,7.2914642439,59.0447100921872,,8868.6376953125,,4.288
2006-11-01,5.0,-0.290697674,,,5.6046,117.5344002,,,,8941.998046875,,4.247
2006-12-01,4.5,-0.097087379,,,5.5643,116.8224829,,,,8917.0400390625,,4.225
2007-01-01,4.5,0.0603700097,,,5.5182,116.6267945,8.4672870834,57.7317344407244,,8802.73046875,,4.26
2007-02-01,4.25,-0.822265247,,,5.5583,116.3933702,,,,8888.7900390625,,4.211
2007-03-01,4.0,-0.909073359,,,5.5343,115.5082983,,,,8959.947265625,,4.155
2007-04-01,3.75,-1.265837321,,,5.4793,113.2006854,5.8347303884,58.7756376685938,,9041.3955078125,,4.024
2007-05-01,3.5,-1.265837321,,,5.421,113.0659138,,,,9053.2197265625,,4.033
2007-06-01,3.5,-0.665583174,,,5.7132,119.2920372,,,,8925.724609375,,4.249
2007-07-01,3.75,0.3300859599,,,5.9017,122.3456377,8.552411257,58.7117504094556,,8891.052734375,,4.305
2007-08-01,4.0,1.0240687679,,,5.6324,116.8052321,,,,8928.705078125,,4.124
2007-09-01,4.0,1.4,,,5.6898,116.3186528,,,,8911.763671875,,4.013
2007-10-01,4.0,2.1891367604,,,5.7323,116.6421046,6.771117161,57.8823127577573,,8853.38671875,,3.966
2007-11-01,4.0,2.7912536443,,,5.6483,113.5124929,,,,8839.4228515625,,3.83
2007-12-01,4.25,3.3965014577,,,5.6592,113.6443534,,,,9025.9658203125,,3.846
2008-01-01,4.25,3.5353535354,,,5.3877,107.790178,1.2046773598,58.5818271047493,,9002.5888671875,,3.625
2008-02-01,3.75,3.6474164134,,,5.5279,109.4758146,,,,9036.912109375,,3.635
2008-03-01,3.25,3.7411526795,,,5.6169,108.4959714,,,,8988.0751953125,,3.553
2008-04-01,3.25,4.7283702213,,,5.3278,103.8383411,1.0512673597,59.4785908402491,,8932.0654296875,,3.429
2008-05-01,3.5,5.4325955734,,,5.0048,97.74814295,,,,9096.0966796875,,3.233
2008-06-01,3.75,4.7952047952,,,5.2849,102.0439708,,,,8964.4619140625,,3.352
2008-07-01,4.0,4.8418972332,,,5.4172,105.2970332,0.8410734237,60.9497494800439,,8821.025390625,,3.47
2008-08-01,4.25,5.0049067713,,,5.2973,105.2013023,,,,8792.2041015625,,3.592
2008-09-01,4.25,5.5226824458,,,4.9998,99.40281446,,,,8793.14453125,,3.421
2008-10-01,3.5,5.5172413793,,,4.8262,101.5433106,-2.275055361,61.6926089257553,,8842.521484375,,3.783
2008-11-01,2.5,4.5142296369,,,5.0433,104.5603286,,,,8741.4208984375,,3.92
2008-12-01,2.5,3.8048780488,,,5.2973,105.1453128,,,,8720.7197265625,,3.802
2009-01-01,1.0,3.2543414634,,,5.2349,107.6384037,1.5241794469,62.7277146597947,,8811.576171875,,4.065
2009-02-01,0.75,3.3534701857,,,5.2739,108.2215764,,,,8770.25,,4.162
2009-03-01,0.5,3.5634502924,,,5.5736,111.6013241,,,,8736.8408203125,,4.188
2009-04-01,0.5,3.0807877041,,,5.5253,112.3083897,3.5691385369,64.9132815281405,,8719.9052734375,,4.163
2009-05-01,0.5,2.7934160305,,,5.4767,109.5447099,,,,8611.2451171875,,3.958
2009-06-01,0.5,3.5971401335,,,5.5346,109.8559783,,,,8672.63671875,,3.919
2009-07-01,0.5,3.5150801131,,,5.3471,106.702442,3.1414249833,67.7401071198878,,8707.2646484375,,3.79
2009-08-01,0.75,3.1355140187,,,5.4419,107.603762,,,,8602.7509765625,,3.811
2009-09-01,0.75,2.8408411215,,,5.5098,107.9930038,,,,8650.1884765625,,3.758
2009-10-01,0.75,2.9410830999,,,5.5499,108.2332207,4.5755601531,71.4950125795063,,8578.33203125,,3.746
2009-11-01,1.0,3.8170892019,,,5.6977,110.4267629,,,,8581.4609375,,3.792
2009-12-01,1.25,3.9146616541,,,5.4417,107.8172617,,,,8543.5078125,,3.775
2010-01-01,1.25,3.7735849057,,,5.2062,105.3646787,6.6073614843,73.8700464000507,,8674.2255859375,,3.724
2010-02-01,1.25,3.578528827,,,5.1519,106.0726508,,,,8773.6318359375,,3.796
2010-03-01,1.25,3.1651829871,,,4.9905,103.828579,,,,8745.326171875,,3.713
2010-04-01,1.5,3.0362389814,,,4.9451,104.1263025,6.6306404717,75.6687381175108,,8663.455078125,,3.716
2010-05-01,1.5,3.0243902439,,,4.7564,103.6567548,,,,8710.6220703125,,3.829
2010-06-01,1.5,2.417794971,,,4.7575,104.8884172,,,,8771.859375,,3.875
2010-07-01,1.75,1.8181818182,,,4.9237,105.0820273,4.2858383428,77.1356720228884,,8734.5009765625,,3.779
2010-08-01,1.75,1.8095238095,,,4.847,105.1301811,,,,8840.3720703125,,3.817
2010-09-01,1.75,2.3877745941,,,4.9873,104.2775337,,,,8672.1337890625,,3.665
2010-10-01,2.0,2.478551001,,,5.0246,104.1628722,6.5331894424,79.5682301489724,,8652.5244140625,,3.636
2010-11-01,2.0,2.2813688213,,,4.7892,103.4303628,,,,8784.1015625,,3.683
2010-12-01,2.0,2.6615969582,,,4.7379,100.6568751,,,,8722.0966796875,,3.549
2011-01-01,2.25,3.561722488,,,5.0816,105.9271307,7.2335730525,80.7349132506182,,8748.8935546875,,3.71
2011-02-01,2.5,4.1653550864,,,5.0092,104.0471482,,,,8680.650390625,,3.622
2011-03-01,3.0,4.2689357622,,,4.9495,101.2041595,,,,8754.1875,,3.481
2011-04-01,3.0,3.9820342205,,,5.037,100.8521351,3.5660511073,82.5106315129591,,8774.2490234375,,3.395
2011-05-01,3.25,4.090530303,,,4.9508,100.8077773,,,,8717.8486328125,,3.437
2011-06-01,3.25,4.1964117092,,,4.9441,100.1701837,,,,8698.431640625,,3.415
2011-07-01,3.25,3.407612782,,,4.8951,100.5299803,8.1453279905,83.1579954610479,4096796.0,8736.4560546875,,3.43
2011-08-01,3.25,3.4202057998,,,5.1402,104.2009162,,,3947162.03,8743.318359375,,3.558
2011-09-01,3.25,2.9328358209,,,5.0437,104.6151853,,,3029527.74,8798.25,,3.712
2011-10-01,3.0,2.7442790698,,,5.0442,103.4770288,2.6239847051,82.0543159377832,2365178.35,8874.0830078125,,3.604
2011-11-01,3.0,2.5501858736,,,5.0475,105.9404829,,,2874202.33,8831.904296875,,3.793
2011-12-01,2.75,2.1703703704,,,4.9381,105.54872,,,3210452.03,8810.736328125,,3.821
2012-01-01,2.5,1.9607843137,,,4.9225,105.1731154,-2.944907077,81.46954932811,3032852.47,8697.74880351856,5.6989107198828,3.733
2012-02-01,2.5,1.6617790811,,,5.0623,107.1327985,,,2992604.82,8744.73477230706,5.97071513074981,3.766
2012-03-01,2.5,1.8536585366,,,4.953,104.8638909,,,3423814.55,8691.90911147731,6.05387198328424,3.715
2012-04-01,2.5,2.1338506305,,,4.9581,105.7401945,3.5789959192,82.0398904884058,3025578.95,8723.48618237815,5.94201888567546,3.75
2012-05-01,2.5,1.6409266409,,,4.8173,105.5956622,,,4102209.24,8847.23302058239,6.11650955801946,3.881
2012-06-01,2.25,0.9615384615,,,4.9319,107.4792076,,,3941669.01,8816.8048410627,6.00071976801323,3.923
2012-07-01,2.25,1.350048216,,,4.9066,109.1368453,4.6091957949,83.2445331607238,4926320.09,8822.01922747926,5.84298485346232,3.997
2012-08-01,2.25,1.9193857965,,,5.0402,110.6191201,,,5816851.74,8785.27331410041,5.71672797870978,4.028
2012-09-01,2.25,2.1153846154,,,5.0649,109.4121602,,,3235088.73,8795.44605197767,5.84158141340209,3.912
2012-10-01,2.25,1.8251681076,,,5.0415,108.5107418,0.6781863599,85.8199968572445,3379406.53,8861.10441761679,6.07079719352522,3.878
2012-11-01,2.0,1.4423076923,,,4.955,106.5182134,,,4100947.44,8887.6859582102,5.83222249993057,3.81
2012-12-01,1.75,1.6346153846,,,4.9206,104.8229945,,,4664224.37,9024.73025803674,5.67370756172839,3.733
2013-01-01,1.75,1.4573121071,,,5.0534,105.3479929,5.5376285833,87.2321585298688,3971064.55,8859.18407411728,5.62258445121846,3.728
2013-02-01,1.75,1.4573121071,,,4.8629,103.2836453,,,3893377.85,8889.89631818524,5.84917456151801,3.708
2013-03-01,1.75,1.2701193492,,,4.6612,100.6414248,,,4000263.83,8881.49194613507,5.69431154007669,3.648
2013-04-01,1.75,0.8041829239,,,4.6956,100.1197204,6.6719272351,88.2868500266382,3830617.82,8927.63335351523,5.78053269295239,3.594
2013-05-01,1.25,0.9040879615,,,4.7988,101.5940942,,,5644744.68,8928.15240600598,5.65738699007718,3.683
2013-06-01,1.25,1.9939092,,,4.7197,99.39461243,,,4193224.93,8985.01915696198,5.49006815801672,3.618
2013-07-01,1.25,2.1971500226,,,4.7269,98.36717211,3.5889187797,89.5180889401043,5002484.11,8935.01696443384,5.48958782724216,3.566
2013-08-01,1.25,1.3367275734,,,4.7838,99.21651339,,,4786225.0,8986.9269826622,5.28456261957675,3.614
2013-09-01,1.0,1.3367275734,,,4.7734,98.3519028,,,3533428.11,9026.18675770817,5.06971582630956,3.537
2013-10-01,1.0,1.8256648082,,,4.803,98.48407305,3.9240713502,90.3674816214547,4403786.83,8922.2874813518,4.97381127751862,3.519
2013-11-01,1.0,1.9093883207,,,4.7969,98.07763819,,,3703505.25,8913.84181609662,5.17119445105573,3.523
2013-12-01,1.0,1.8160876849,,,4.7819,96.81481831,,,4743112.0,8939.64003271472,5.04971670095987,3.471
2014-01-01,1.0,1.3958125623,,,4.7385,96.31321331,5.7916204076,92.799953027367,3771760.0,8938.96383813965,5.28793236692349,3.498
2014-02-01,0.75,1.1964107677,,,4.7979,96.59452469,,,4262255.0,8883.69909484421,4.9393875480832,3.496
2014-03-01,0.75,1.2935323383,,,4.8124,96.57785203,,,4474033.0,8939.50863936402,5.00662331406551,3.487
2014-04-01,0.75,0.9910802775,,,4.8025,96.24922044,1.9740719637,94.1856179192204,3982901.03,8950.26197795251,5.20226185297956,3.466
2014-05-01,0.75,0.9900990099,,,4.7283,96.15262009,,,4455752.44,9019.96748069353,5.18522692618767,3.475
2014-06-01,0.75,0.4911591356,,,4.6939,95.42519722,,,4582509.6,9036.36978696691,4.97839331847213,3.438
2014-07-01,0.5,0.2938295788,,,4.5899,94.23425568,2.9397651082,93.8834910633541,4990734.88,9073.32349093694,5.07286527767579,3.429
2014-08-01,0.25,0.0,,,4.7054,97.36101797,,,4107263.48,9083.22221243334,5.15387554548562,3.568
2014-09-01,0.25,-0.293255132,,,4.6486,98.30145255,,,3921349.92,9093.81562502768,5.11857055772632,3.695
2014-10-01,0.25,-0.292397661,,,4.7562,100.568567,6.0522649346,95.4858087977018,3514015.31,9124.26152321502,4.70931144891875,3.784
2014-11-01,0.25,-0.097847358,,,4.8366,101.8769977,,,4028094.97,9083.48739749742,4.84501060166517,3.889
2014-12-01,0.25,-0.195503421,,,4.7246,100.0,,,5503691.32,9119.03810149288,4.94333813703655,3.889
2015-01-01,0.25,-0.507376492,,,4.4527,98.1865956019,-0.240148273,97.5531636774503,4571677.89,9139.28614004725,4.90587376629867,3.924
2015-02-01,0.1,-1.014780176,,,4.4473,98.3008396004,,,4620941.53,9169.42930740487,4.65524407703321,3.966
2015-03-01,0.1,-1.005895761,,,4.2735,97.3532319168,,,5598157.68,9167.961108453,4.63134015011061,3.98
2015-04-01,0.1,-0.502455246,,,4.3175,96.5051020063,1.5681383947,98.8938078523661,4706018.46,9233.1505010241,4.29535948358199,3.861
2015-05-01,0.1,-0.400001862,,,4.2502,95.8084439547,,,5758491.87,9272.5006881595,4.43788147273085,3.876
2015-06-01,0.1,-0.392963739,,,4.2194,93.7292346822,,,6989608.88,9230.20550100752,4.49143770554092,3.769
2015-07-01,0.1,-0.29101749,,,4.1368,92.5650647267,0.1326686193,100.644995801865,6589820.11,9202.7260481702,4.66365382591306,3.783
2015-08-01,0.1,-0.392963739,,,4.4035,95.699893305,,,6239094.39,9335.38796868192,4.39709170796773,3.93
2015-09-01,0.1,-0.500001861,,,4.4038,95.3062879243,,,4193815.97,9395.74955900642,4.47602061943065,3.923
2015-10-01,0.1,-0.692083968,,,4.2529,93.8401664663,2.6792664361,102.908032668318,4614968.25,9366.32402489187,4.5568277580928,3.867
2015-11-01,0.1,-0.897161501,,,4.0995,92.4527346185,,,5225495.96,9405.0687741795,4.39864867061834,3.877
2015-12-01,0.1,-0.997063556,,,4.2468,93.2788267218,,,5634670.87,9383.40962643268,4.48610981108568,3.902
2016-01-01,0.1,-0.60483871,,,4.3097,93.7369512896,0.6698142125,105.421867680942,4749288.08,9407.7003562046,4.5417614559636,3.951
2016-02-01,0.1,-0.203045685,,,4.2547,92.7111062732,,,4887666.31,9428.56076784251,4.53547297297297,3.91
2016-03-01,0.1,-0.708502024,,,4.2856,91.9251050993,,,5270148.04,9541.35614641807,4.56939663570825,3.766
2016-04-01,0.1,-0.905432596,,,4.2717,92.0739106869,12.492850682,107.307868785146,4682424.28,9503.94051128825,4.33574567071595,3.761
2016-05-01,0.1,-0.803212851,,,4.2951,92.984674987,,,5341393.34,9478.28295361671,4.02607486008217,3.85
2016-06-01,0.1,-0.800800801,,,4.2839,92.8426189154,,,5744090.62,9523.61743159191,3.7628366595621,3.846
2016-07-01,0.1,-0.599400599,,,4.246,91.9406623479,3.6184360372,109.696790360361,5589316.34,9583.2388621099,4.02115211521152,3.828
2016-08-01,0.1,-0.700700701,,,4.2197,91.1587313686,,,5507368.46,9579.89581716106,4.17958345367607,3.786
2016-09-01,0.1,-0.40201005,,,4.203,90.6154610516,,,4924875.15,9565.53058642089,4.29485119238928,3.758
2016-10-01,0.1,-0.301204819,,,4.2131,91.4177811368,5.3330239533,110.937295846281,2797497.24,9731.37455624445,3.96981543194053,3.849
2016-11-01,0.1,-0.302419355,,,4.0807,89.4252073455,,,4676452.32,9701.08053019583,3.90075236113334,3.839
2016-12-01,0.1,-0.201816347,,,4.0438,88.9971676389,,,4696637.99,9623.20372609706,3.86478208155191,3.845
2017-01-01,0.1,0.103653384,,,4.0546,88.1927830672,1.5664955037,110.677153363785,4422253.39,9631.01185431804,3.86562885110241,3.769
2017-02-01,0.1,0.4091579213,,,3.8782,85.6573801344,,,4120733.1,9739.66834284181,3.75825001113791,3.659
2017-03-01,0.1,0.9163121747,,,3.8822,85.3456854647,,,4463743.72,9706.86636165671,3.84372649267528,3.632
2017-04-01,0.1,0.7073119268,,,3.9395,85.6949927605,4.6147430665,112.309528083016,3655276.32,9785.65152590895,3.82297342377405,3.619
2017-05-01,0.1,0.8019253612,,,3.9684,84.9939514989,,,4555433.02,9901.6538324468,3.85174671866535,3.561
2017-06-01,0.1,-0.201814086,,,3.9859,84.1301026861,,,4918257.32,9818.31291333903,3.8078209014212,3.496
2017-07-01,0.1,-0.70240981,,,4.1745,86.6712000268,6.8057653045,113.967832185859,5114902.92,9869.96045678652,3.5921208785265,3.558
2017-08-01,0.1,-0.10302193,,,4.2607,88.0030340931,,,4671322.11,9927.01447908542,3.59586362344798,3.596
2017-09-01,0.1,0.0975804721,,,4.1569,86.0679275594,,,3950938.24,9904.06673860382,3.488869659481,3.529
2017-10-01,0.1,0.1947656139,,,4.0956,85.2191801846,5.4492576489,112.927587983505,3819938.43,9852.38066528133,3.56002861131155,3.521
2017-11-01,0.1,0.3000022729,,,4.1429,85.2407000807,,,4550592.72,9901.66626944664,3.5913821893558,3.499
2017-12-01,0.1,0.4000022751,,,4.1526,85.1596080662,,,5070862.85,9846.65019182984,3.45879799791763,3.467
2018-01-01,0.1,0.1002004008,,,4.2413,85.5939646458,4.1281781831,111.386700234954,4587818.62,9955.49205988819,3.25471475161885,3.405
2018-02-01,0.1,0.2004008016,,,4.2586,86.7389503158,,,4314686.8,9942.14431430239,3.2265241151108,3.485
2018-03-01,0.1,0.1998001998,,,4.3288,87.5958402058,,,5191982.67,10055.8808842393,3.30775923435893,3.514
2018-04-01,0.1,0.3988035892,,,4.3387,88.2763962303,2.1339280373,111.296684311258,4146528.37,10127.3268014008,3.52356281072568,3.588
2018-05-01,0.1,0.4965243297,,,4.165,86.0584623314,,,5414061.49,10048.6231152367,3.56816701315621,3.566
2018-06-01,0.1,1.3,,,4.2551,87.2556497386,,,5221964.98,10079.7137722087,3.65276619058885,3.65
2018-07-01,0.1,1.4014014014,,,4.3004,87.3075488156,3.1015371536,110.482056315665,5832588.81,10091.4871076946,3.39725839658872,3.664
2018-08-01,0.1,1.1976047904,,,4.2119,84.3438813249,,,5676645.78,10128.2856202742,3.33830660201417,3.604
2018-09-01,0.1,1.1964107677,,,4.2156,85.0595490224,,,3267567.32,10239.0989532121,3.55733069550854,3.627
2018-10-01,0.1,1.1928429423,,,4.2114,86.4569576272,4.0913664037,109.734492606659,5025095.67,10174.8027293465,3.62754317243441,3.721
2018-11-01,0.25,1.1964107677,,,4.2109,86.458743595,,,5060385.94,10208.8986149703,3.74334694887981,3.701
2018-12-01,0.25,0.796812749,,,4.2916,87.7704640628,,,5834101.4,10151.592433827,3.5908218862712,3.748
2019-01-01,0.25,1.2022012466,,,4.1856,86.1393559441,7.3011496697,110.674592908567,5214738.65,10135.0536130029,3.71634596182266,3.642
2019-02-01,0.25,1.2019990444,,,4.1142,85.0128642052,,,4970035.47,10172.4354676327,3.5673971190891,3.604
2019-03-01,0.25,1.4027906676,,,4.0782,84.8460824022,,,5280802.51,10232.0461603425,3.30625452848494,3.632
2019-04-01,0.25,1.3008927873,,,4.0438,83.9685125509,-1.026623646,111.332693543734,4982290.09,10226.1931977604,3.44663107199458,3.608
2019-05-01,0.25,1.4990108993,,,4.0489,83.9757700113,,,5767781.3,10284.2875900709,3.29741902383125,3.634
2019-06-01,0.25,0.8005913483,,,4.0616,83.4902616757,,,5955023.67,10312.588555941,3.42912101800874,3.566
2019-07-01,0.25,0.5014798013,,,3.8997,81.2214339072,4.3171709222,112.754380193757,6668414.04,10451.8262364712,3.33136076245056,3.499
2019-08-01,0.25,0.6015769594,,,3.9029,80.9373499221,,,5969809.57,10390.6329728851,3.23121907887432,3.535
2019-09-01,0.25,0.3034473288,,,3.805,79.7986734159,,,5659203.16,10394.6846427896,3.19542734377623,3.482
2019-10-01,0.25,0.4047141796,,,3.9365,81.8978851129,3.3590039859,113.349738356353,4389712.58,10412.8529430358,3.09393691639055,3.529
2019-11-01,0.25,0.3034473288,,,3.8241,80.1873316898,,,5650700.98,10406.4878953977,3.38241845495513,3.476
2019-12-01,0.25,0.6007895639,,,3.8782,80.6287018092,,,7159851.02,10338.7951606143,3.17519873589936,3.456
2020-01-01,0.25,0.2997002997,,,3.8023,79.8359756298,-7.776451401,113.41799361662,6075829.02,10396.8749501914,3.18858414134036,3.448
2020-02-01,0.25,0.0998003992,,,3.8196,79.5773404312,,,6113738.5,10402.1548890933,3.18863529089331,3.467
2020-03-01,0.25,0.0,,,3.9003,80.0994686661,,,8678812.11,9900.250539285,3.19045995336878,3.565
2020-04-01,0.1,-0.594059406,,,3.8066,78.6765394495,-28.8116196,114.484068003294,4966489.22,12291.9760420435,3.15441387018409,3.5
2020-05-01,0.1,-1.573254671,,,3.8534,78.8387044022,,,5191102.95,11606.2940686049,3.32782352123337,3.502
2020-06-01,0.1,-1.088031652,,,3.8828,78.5965677966,,,6013627.44,11106.863552119,4.15463025998638,3.466
2020-07-01,0.1,-0.595238095,,,4.0388,79.1197631176,40.329254379,117.774781294645,6528630.54,11073.716171911,4.41265023226092,3.408
2020-08-01,0.1,-0.792079208,,,4.0126,78.27927864,,,6680703.77,11119.5961086538,4.36117729459586,3.362
2020-09-01,0.1,-0.694444444,,,4.0258,79.0775231729,,,6320245.5,10955.5596755142,4.07852760736196,3.441
2020-10-01,0.1,-0.790513834,,,3.9938,78.6161022861,11.712223272,117.751903220747,6151428.33,11674.6829905623,4.13292069301577,3.422
2020-11-01,0.1,-0.595238095,,,3.9656,77.5800652046,,,7116513.81,11429.7607119722,4.31854115195623,3.308
2020-12-01,0.1,-0.694444444,,,3.9441,76.4152906684,,,8270618.1,11517.3118382492,4.25522749929233,3.215
2021-01-01,0.1,-0.399300705,,,3.9871,77.9981694651,1.9858563953,118.286871074295,6439964.43,11623.740801108,4.06652572756719,3.291
2021-02-01,0.1,2.091808e-06,,,4.0116,78.1746758142,,,7262522.38,11555.7597919791,4.77277078225642,3.28
2021-03-01,0.1,0.2003993155,,,3.9127,77.336485947,,,8623632.55,11296.8204776689,5.05951924757125,3.334
2021-04-01,0.1,0.7995041006,,,3.9272,76.4577577277,14.904684906,123.490397087265,8323084.3,11221.4936053984,5.05852804627445,3.247
2021-05-01,0.1,1.5023997256,,,3.9688,77.088747662,,,9473254.55,11144.8193755823,4.99513650018257,3.253
2021-06-01,0.1,1.7042021275,,,3.8748,76.2633602635,,,11587965.83,11146.5640524047,4.97796401994076,3.26
2021-07-01,0.1,1.901598938,,,3.849,75.7786816172,7.9335048809,125.047239918699,11511659.0,11108.0801383333,4.81046478592283,3.233
2021-08-01,0.1,2.2018983455,,,3.7973,75.0512685354,,,11848953.87,11106.3051561286,4.75839461114807,3.207
2021-09-01,0.1,2.5043977486,,,3.736,74.4441368347,,,7127948.95,11317.5682748787,4.81395787375296,3.229
2021-10-01,0.1,2.298010108,,,3.6858,73.0116413872,19.491523477,128.906614378436,10687555.93,11001.3519215185,4.42432268851162,3.158
2021-11-01,0.1,2.4020979504,,,3.5899,71.1342863841,,,10984597.67,11040.0989005743,3.84670924088422,3.162
2021-12-01,0.1,2.8049971555,,,3.5199,70.0544119945,,,12219285.46,11038.444928104,3.59498022834211,3.11
2022-01-01,0.1,3.109327984,,,3.5647,71.5328819146,-2.750928862,132.2806696152,9965555.28,11058.9292786869,3.35433518724291,3.195
2022-02-01,0.1,3.5,,,3.6273,72.2826119368,,,11225073.72,11021.9636575697,3.38719990699297,3.238
2022-03-01,0.1,3.4791252485,,,3.5236,70.5731092539,,,13431703.47,11095.8213976183,3.03196469562225,3.176
2022-04-01,0.35,3.96432111,,,3.5127,72.0316546925,5.9981465786,137.940873737528,10484054.58,11042.7231566408,2.84731162522132,3.317
2022-05-01,0.75,4.146100691,,,3.5757,72.5143008626,,,11977547.97,11038.8743125522,3.025720816317,3.338
2022-06-01,0.75,4.4378698225,,,3.6364,74.9922467142,,,11880414.83,10986.0963424142,2.97801506262561,3.5
2022-07-01,1.25,5.2062868369,,,3.471,71.9037237114,0.0662279187,143.577832980141,10113609.87,10930.8263466617,3.09178378189485,3.391
2022-08-01,2.0,4.6033300686,,,3.3348,69.6994242751,,,9638264.69,11023.737368645,3.3206014048038,3.341
2022-09-01,2.0,4.5943304008,,,3.4858,72.7103382484,,,7697474.08,11062.8219411848,3.15502504308333,3.543
2022-10-01,2.75,5.078125,,,3.498,72.1646882444,7.9946115591,141.910462286993,6089260.41,11004.1788601753,3.64540926463046,3.53
2022-11-01,3.25,5.2785923754,,,3.5642,72.2361590572,,,7562105.3,10977.7354004461,3.65062226842253,3.441
2022-12-01,3.25,5.2631578947,,,3.753,74.6232273366,,,7561264.81,10816.5477294905,3.69054875443623,3.519
2023-01-01,3.75,5.3849236974,,,3.7646,74.5811563965,3.7762257156,138.653914152493,6358311.3,11102.2075073729,3.44504189070902,3.475
2023-02-01,4.25,5.1837696315,,,3.8913,77.4324151564,,,5729991.4,10877.2288854044,3.4602536142721,3.668
2023-03-01,4.25,4.984439553,,,3.9322,77.1119152181,,,6783156.38,11328.2366140163,3.05361351304931,3.615
2023-04-01,4.5,4.9914219132,,,4.0021,77.6932302848,2.5542785904,137.152142649492,4612269.11,11187.1293042166,2.95299064833992,3.641
2023-05-01,4.75,4.5950725971,,,3.9672,77.9901291578,,,6517195.37,11133.6049964919,3.12911096369422,3.715
2023-06-01,4.75,4.2000015014,,,4.0185,76.9292357737,,,6530637.5,11116.6199532451,3.25088537860476,3.7
2023-07-01,4.75,3.3291331415,,,4.0737,77.3786115279,-0.179133499,137.050535737402,6403804.53,11175.2739961806,3.01430613554247,3.693
2023-08-01,4.75,4.1151700395,,,4.1329,78.7043721117,,,7012594.08,11205.414597021,2.81145135700546,3.801
2023-09-01,4.75,3.821590281,,,4.0531,78.0940212508,,,5487977.55,11257.1533371636,3.00512919114861,3.824
2023-10-01,4.75,3.734759859,,,4.2833,82.0291122288,-20.85645463,132.938700741598,4549203.08,11239.4795588251,2.88339661524129,4.017
2023-11-01,4.75,3.343455528,,,4.0543,77.0439551922,,,5495882.97,11587.9076058248,2.73760124770183,3.714
2023-12-01,4.75,2.9583348168,,,4.0116,75.7384458133,,,5615472.53,11544.3345480564,2.66973890671605,3.627
2024-01-01,4.5,2.6392961877,,,3.9398,74.988840779,16.063052708,135.773258202161,5523427.68,11450.7142960969,3.04257000903342,3.635
2024-02-01,4.5,2.5291828794,,,3.8856,73.682857676,,,5378525.47,11507.4539486362,2.9738709314112,3.584
2024-03-01,4.5,2.7131782946,,,3.9791,75.3081852367,,,6231228.52,11427.4229771416,2.97713181213445,3.681
2024-04-01,4.5,2.7884615385,,,4.0132,76.0907821819,0.1151176319,139.030191713513,5910391.56,11374.2630176051,2.95949633208087,3.741
2024-05-01,4.5,2.783109405,,,4.0247,75.93214862399999,,,7786604.02,11445.842436981,2.99601410350989,3.718
2024-06-01,4.5,2.8790786948,,,4.0202,76.30543674580001,,,7741704.83,11419.311663626,2.72278954756928,3.759
2024-07-01,4.5,3.1578947368,,,4.081,76.93377357600001,5.7096846459,140.170457013635,9065473.68,11397.7018114316,2.67562552996191,3.767
2024-08-01,4.5,3.619047619,,,4.0558,75.50980994919999,,,8359819.68,11209.8483337832,2.56702906639282,3.656
2024-09-01,4.5,3.5271687321,,,4.1524,77.1355005442,,,8544198.87,11258.1050924672,2.56517344782365,3.71
2024-10-01,4.5,3.5104364326,,,4.0418,75.8137546727,1.9490659241,139.826985202395,6908824.95,11390.3796326204,2.5562337515542,3.714
2024-11-01,4.5,3.4253092293,,,3.8519,73.186532119,,,7958088.82,11319.5983196,2.60857808411333,3.643
2024-12-01,4.5,3.2380952381,,,3.7964,72.4273895627,,,13818224.27,11527.9720573886,2.60596677685259,3.647
2025-01-01,4.5,3.8200000922,,,3.7086,71.18039258120001,3.5455832847,140.416728042607,7286576.39,11216.6972612674,2.5178355955671,3.577
2025-02-01,4.5,3.4259962968,,,3.7341,71.6534064805,,,7380253.96,11326.7755750188,2.59153504174648,3.59
2025-03-01,4.5,3.3471699031,,,4.0219,75.12888376100001,,,9164897.44,11458.751452321,2.64993103753884,3.718
2025-04-01,4.5,3.5822264718,,,4.14,75.030550007,,,8048523.64,11424.4381420626,2.70752274269257,3.637
2025-05-01,4.5,3.0879552736,,,3.9898,72.7317637206,,,9325035.7,11427.3263299567,2.63747962524236,3.518
2025-06-01,4.5,3.292350838,,,3.9552,70.5733214438,,,8911489.55,,2.37703738152184,3.372
2025-07-01,4.5,,,,3.8767,69.9020861189,,,,,,3.388
2025-08-01,4.5,,,,4.0046,71.4193784935,,,,,,3.435
